{
    "coeff_0": {
        "mean_squared_error": 0.001138451974838972
    },
    "coeff_1": {
        "mean_squared_error": 0.0012433362426236272
    },
    "coeff_2": {
        "mean_squared_error": 0.009370347484946251
    },
    "coeff_3": {
        "mean_squared_error": 0.009918727912008762
    },
    "_average": {
        "mean_squared_error": 0.005417715758085251
    }
}