{
    "coeff": {
        "mean_squared_error": 0.0051149651408195496
    },
    "_average": {
        "mean_squared_error": 0.0051149651408195496
    }
}