{
    "coeff": {
        "mean_squared_error": 0.005155684892088175
    },
    "_average": {
        "mean_squared_error": 0.005155684892088175
    }
}