{
    "coeff_0": {
        "mean_squared_error": 0.0011473140912130475
    },
    "coeff_1": {
        "mean_squared_error": 0.0012832225766032934
    },
    "coeff_2": {
        "mean_squared_error": 0.009442227892577648
    },
    "coeff_3": {
        "mean_squared_error": 0.010017274878919125
    },
    "_average": {
        "mean_squared_error": 0.0054725101217627525
    }
}